{
  "training_history": {
    "epoch": [
      1,
      2,
      3,
      4,
      5,
      6,
      7,
      8,
      9,
      10,
      11,
      12,
      13,
      14,
      15,
      16,
      17,
      18,
      19,
      20,
      21,
      22,
      23,
      24,
      25,
      26,
      27,
      28,
      29,
      30,
      31,
      32,
      33,
      34,
      35,
      36,
      37,
      38,
      39,
      40,
      41,
      42,
      43,
      44,
      45,
      46,
      47,
      48,
      49,
      50
    ],
    "train_loss": [
      83366.32567708334,
      78547.08173177083,
      71832.53647135416,
      64399.59576171875,
      57414.4471875,
      51594.97139322916,
      47286.76177734375,
      44477.663203125,
      42948.41071614583,
      42337.40450520833,
      37817.46234049479,
      28682.9837109375,
      21081.663118489585,
      15541.296552734375,
      11962.0453125,
      9677.243916015625,
      8203.637927246094,
      7263.810692545573,
      6751.02873046875,
      6544.783399251302,
      5255.3143859863285,
      3135.611501057943,
      1742.5580501302084,
      980.7194404093425,
      567.51765528361,
      339.46732109069825,
      223.42153366088868,
      162.23287671407064,
      131.02297718048095,
      117.1895352045695,
      97.21861061096192,
      64.93484087626139,
      44.48367850939433,
      32.79519282976786,
      26.859110094706217,
      22.05873155593872,
      18.039021337827048,
      15.66822675704956,
      14.441794420878093,
      13.197894858519236,
      20.416069049835205,
      18.69153761704763,
      17.570105164845785,
      16.507386481761934,
      14.838946924209594,
      13.186992194652557,
      11.595827270348867,
      10.337082727750142,
      9.692720064322154,
      8.904441666205724
    ],
    "learning_rate": [
      0.0009755527298894294,
      0.0009046039886902864,
      0.0007940987335200904,
      0.0006548539886902864,
      0.0005005000000000001,
      0.0003461460113097139,
      0.00020690126647990973,
      9.639601130971382e-05,
      2.5447270110570814e-05,
      0.001,
      0.0009755527298894294,
      0.0009046039886902864,
      0.0007940987335200904,
      0.0006548539886902864,
      0.0005005000000000001,
      0.0003461460113097139,
      0.00020690126647990973,
      9.639601130971382e-05,
      2.5447270110570814e-05,
      0.001,
      0.0009755527298894294,
      0.0009046039886902864,
      0.0007940987335200904,
      0.0006548539886902864,
      0.0005005000000000001,
      0.0003461460113097139,
      0.00020690126647990973,
      9.639601130971382e-05,
      2.5447270110570814e-05,
      0.001,
      0.0009755527298894294,
      0.0009046039886902864,
      0.0007940987335200904,
      0.0006548539886902864,
      0.0005005000000000001,
      0.0003461460113097139,
      0.00020690126647990973,
      9.639601130971382e-05,
      2.5447270110570814e-05,
      0.001,
      0.0009755527298894294,
      0.0009046039886902864,
      0.0007940987335200904,
      0.0006548539886902864,
      0.0005005000000000001,
      0.0003461460113097139,
      0.00020690126647990973,
      9.639601130971382e-05,
      2.5447270110570814e-05,
      0.001
    ],
    "epoch_time": [
      315.2648329734802,
      232.4709894657135,
      232.9900460243225,
      232.62106442451477,
      235.48478627204895,
      232.82634210586548,
      233.19698810577393,
      232.6952440738678,
      232.7485728263855,
      232.74954390525818,
      233.51557278633118,
      232.70711994171143,
      232.18289804458618,
      232.70556020736694,
      232.69211053848267,
      232.72903060913086,
      233.4746870994568,
      232.47208714485168,
      232.49287128448486,
      232.5187704563141,
      232.9203004837036,
      232.5126781463623,
      233.032133102417,
      232.83536100387573,
      233.22295308113098,
      233.12070322036743,
      233.20857334136963,
      232.8908588886261,
      234.46295857429504,
      233.44126152992249,
      232.89879441261292,
      232.78909993171692,
      233.16337823867798,
      233.08367562294006,
      233.8519308567047,
      232.55825662612915,
      232.95914721488953,
      233.03181719779968,
      232.8977506160736,
      232.89391779899597,
      234.3137993812561,
      232.75202775001526,
      232.97633934020996,
      232.5919861793518,
      232.7704780101776,
      232.95787906646729,
      234.43276834487915,
      232.92697095870972,
      232.63755226135254,
      232.83825087547302
    ],
    "batch_time": [
      0.5202842319011688,
      0.38438121318817137,
      0.38495745340983073,
      0.38490299344062806,
      0.38867481231689455,
      0.3849873352050781,
      0.38534663478533426,
      0.3849699437618256,
      0.3848372562726339,
      0.3845880552132924,
      0.3856536328792572,
      0.3843717094262441,
      0.3848032438755035,
      0.3844433434804281,
      0.38461600422859193,
      0.38462807575861613,
      0.3854553167025248,
      0.38467425664265953,
      0.38465824166933693,
      0.3844278085231781,
      0.38446508447329203,
      0.38477839072545367,
      0.3854235215981801,
      0.3850422497590383,
      0.38556270480155946,
      0.38508567412694295,
      0.3851000758012136,
      0.3852995244661967,
      0.3873221759001414,
      0.38510278701782225,
      0.3849616511662801,
      0.38483146150906883,
      0.3851663855711619,
      0.38488009572029114,
      0.3867658003171285,
      0.38491303284962974,
      0.3849102711677551,
      0.38523762504259745,
      0.3849464166164398,
      0.3849702815214793,
      0.38693932255109154,
      0.38487579544385275,
      0.3851316249370575,
      0.3850208965937297,
      0.3849070489406586,
      0.3850661591688792,
      0.38710514465967816,
      0.3850994896888733,
      0.3850898810227712,
      0.38513944109280907
    ],
    "throughput": [
      15.225294729919247,
      20.64773764258417,
      20.601738494437285,
      20.634416800880874,
      20.38348241510046,
      20.616223905701588,
      20.583456240107214,
      20.627838867545858,
      20.62311249306981,
      20.623026449211274,
      20.555374285003435,
      20.62678615592985,
      20.673357255960575,
      20.626924409209035,
      20.6281166511925,
      20.624844212330412,
      20.55897390690268,
      20.64764014876829,
      20.645794313953754,
      20.64349467606457,
      20.60790746891482,
      20.64403557804487,
      20.598017690077157,
      20.615425334470995,
      20.581164660625106,
      20.59019183492507,
      20.582433703986442,
      20.610512679226595,
      20.472316945872745,
      20.561917668461266,
      20.60981042047013,
      20.619522140031318,
      20.586423289366113,
      20.593462786149683,
      20.525808713297526,
      20.639989607923017,
      20.60447103016013,
      20.598045613340915,
      20.609902789111455,
      20.610241973526943,
      20.48534918846088,
      20.622806367794084,
      20.602950555380954,
      20.636996479744223,
      20.62117172689797,
      20.604583194331322,
      20.474953368884915,
      20.60731730740998,
      20.632954367605816,
      20.615169466150753
    ],
    "val_loss": [
      54280.56121744792,
      42238.42878255208,
      10681.262801920573,
      6506.534082438151,
      399.4837119547526,
      114.2389307753245,
      20.956761823495228,
      13.100618175665538,
      14.93193655371666,
      9.991868447264036
    ],
    "val_ms_ssim": [
      0.5864060987532139,
      0.6448108564317226,
      0.8131821723779042,
      0.8632538030048211,
      0.9698346199591955,
      0.9883854776124159,
      0.9956034991641839,
      0.9968871716161569,
      0.9970814575751622,
      0.9976819219688574
    ],